completion_time,task_id,start_time,process_time,num_operations
68.5,2,0.2,68.3,3
75.5,17,1.7000000000000004,73.8,3
100.5,24,2.400000000000001,98.1,3
