completion_time,task_id,start_time,process_time,num_operations
15.2,0,0.0,15.2,3
20.7,2,0.2,20.5,3
107.2,38,3.800000000000002,103.4,3
108.7,6,0.6,108.10000000000001,3
