completion_time,task_id,start_time,process_time,num_operations
69.1,12,1.2,67.89999999999999,3
134.5,11,1.0999999999999999,133.4,3
