completion_time,task_id,start_time,process_time,num_operations
37.2,17,1.7000000000000004,35.5,3
80.9,21,2.1000000000000005,78.80000000000001,3
118.2,10,0.9999999999999999,117.2,3
119.1,5,0.5,118.6,3
139.9,36,3.600000000000002,136.3,3
