completion_time,task_id,start_time,process_time,num_operations
73.2,32,3.2000000000000015,70.0,3
118.1,24,2.400000000000001,115.69999999999999,3
