completion_time,task_id,start_time,process_time,num_operations
73.7,9,0.8999999999999999,72.8,3
84.1,20,2.0000000000000004,82.1,3
115.9,1,0.1,115.80000000000001,3
121.8,3,0.30000000000000004,121.5,3
133.1,15,1.5000000000000002,131.6,3
