completion_time,task_id,start_time,process_time,num_operations
39.4,3,0.30000000000000004,39.1,3
57.3,14,1.4000000000000001,55.9,3
