completion_time,task_id,start_time,process_time,num_operations
6.7,7,0.7,6.0,3
111.7,6,0.6,111.10000000000001,3
139.3,48,4.799999999999999,134.5,3
