completion_time,task_id,start_time,process_time,num_operations
56.4,7,0.7,55.699999999999996,3
85.2,26,2.600000000000001,82.60000000000001,3
86.4,2,0.2,86.2,3
99.4,3,0.30000000000000004,99.10000000000001,3
