completion_time,task_id,start_time,process_time,num_operations
20.3,5,0.5,19.8,3
52.3,11,1.0999999999999999,51.199999999999996,3
62.3,15,1.5000000000000002,60.8,3
88.0,3,0.30000000000000004,87.7,3
