completion_time,task_id,start_time,process_time,num_operations
17.2,11,1.0999999999999999,16.099999999999998,3
96.2,12,1.2,95.0,3
