completion_time,task_id,start_time,process_time,num_operations
35.2,0,0.0,35.2,3
49.5,28,2.800000000000001,46.699999999999996,3
90.0,36,3.600000000000002,86.39999999999999,3
