completion_time,task_id,start_time,process_time,num_operations
85.3,13,1.3,84.0,3
98.3,10,0.9999999999999999,97.3,3
120.3,37,3.700000000000002,116.6,3
128.2,4,0.4,127.79999999999998,3
