completion_time,task_id,start_time,process_time,num_operations
45.2,3,0.30000000000000004,44.900000000000006,3
71.9,26,2.600000000000001,69.30000000000001,3
