completion_time,task_id,start_time,process_time,num_operations
27.2,15,1.5000000000000002,25.7,3
40.2,1,0.1,40.1,3
62.2,12,1.2,61.0,3
71.2,11,1.0999999999999999,70.10000000000001,3
138.2,9,0.8999999999999999,137.29999999999998,3
