completion_time,task_id,start_time,process_time,num_operations
33.9,4,0.4,33.5,3
78.9,15,1.5000000000000002,77.4,3
93.0,24,2.400000000000001,90.6,3
