completion_time,task_id,start_time,process_time,num_operations
35.0,11,1.0999999999999999,33.9,3
57.9,4,0.4,57.5,3
60.9,2,0.2,60.699999999999996,3
110.4,14,1.4000000000000001,109.0,3
113.4,20,2.0000000000000004,111.4,3
