completion_time,task_id,start_time,process_time,num_operations
50.3,16,1.6000000000000003,48.699999999999996,3
59.2,3,0.30000000000000004,58.900000000000006,3
67.2,6,0.6,66.60000000000001,3
76.3,20,2.0000000000000004,74.3,3
81.2,10,0.9999999999999999,80.2,3
