completion_time,task_id,start_time,process_time,num_operations
46.1,27,2.700000000000001,43.4,3
46.6,15,1.5000000000000002,45.1,3
75.2,14,1.4000000000000001,73.8,3
110.2,0,0.0,110.2,3
121.1,21,2.1000000000000005,119.0,3
136.1,38,3.800000000000002,132.29999999999998,3
