completion_time,task_id,start_time,process_time,num_operations
30.1,2,0.2,29.900000000000002,3
85.0,0,0.0,85.0,3
86.3,62,6.199999999999994,80.10000000000001,3
90.2,3,0.30000000000000004,89.9,3
