completion_time,task_id,start_time,process_time,num_operations
36.2,3,0.30000000000000004,35.900000000000006,3
81.0,10,0.9999999999999999,80.0,3
