completion_time,task_id,start_time,process_time,num_operations
73.2,0,0.0,73.2,3
95.5,29,2.9000000000000012,92.6,3
119.6,11,1.0999999999999999,118.5,3
137.6,4,0.4,137.2,3
