completion_time,task_id,start_time,process_time,num_operations
66.6,5,0.5,66.1,3
79.6,29,2.9000000000000012,76.69999999999999,3
86.6,30,3.0000000000000013,83.6,3
114.5,11,1.0999999999999999,113.4,3
118.5,16,1.6000000000000003,116.9,3
121.6,14,1.4000000000000001,120.19999999999999,3
139.0,17,1.7000000000000004,137.3,3
